family,n,p,weight,algo,ws_beta,comm_ratio,grid_side,median_cpu_sec,n_samples,rank
ER,30,0.06,uniform_1_9,BI_DIJKSTRA,,,,2.6353998691774905e-05,1000,1
ER,30,0.06,uniform_1_9,DIJKSTRA,,,,4.045799869345501e-05,1000,2
ER,30,0.06,uniform_1_9,A*,,,,4.729099600808695e-05,1000,3
ER,30,0.06,uniform_1_9,ALT,,,,5.9541500377235934e-05,1000,4
ER,30,0.1,uniform_1_9,BI_DIJKSTRA,,,,2.4271001166198403e-05,1000,1
ER,30,0.1,uniform_1_9,DIJKSTRA,,,,5.145799877936952e-05,1000,2
ER,30,0.1,uniform_1_9,ALT,,,,5.733400030294433e-05,1000,3
ER,30,0.1,uniform_1_9,A*,,,,5.747899922425859e-05,1000,4
ER,30,0.14,uniform_1_9,BI_DIJKSTRA,,,,2.9083999834256247e-05,1000,1
ER,30,0.14,uniform_1_9,ALT,,,,6.018749991199002e-05,1000,2
ER,30,0.14,uniform_1_9,DIJKSTRA,,,,6.391649731085636e-05,1000,3
ER,30,0.14,uniform_1_9,A*,,,,6.822900104452856e-05,1000,4
ER,60,0.06,uniform_1_9,BI_DIJKSTRA,,,,3.8937498175073415e-05,1000,1
ER,60,0.06,uniform_1_9,ALT,,,,8.312549834954552e-05,1000,2
ER,60,0.06,uniform_1_9,DIJKSTRA,,,,0.00011708349848049693,1000,3
ER,60,0.06,uniform_1_9,A*,,,,0.00012789550601155497,1000,4
ER,60,0.1,uniform_1_9,BI_DIJKSTRA,,,,5.249999594525434e-05,1000,1
ER,60,0.1,uniform_1_9,ALT,,,,0.00010766700142994523,1000,2
ER,60,0.1,uniform_1_9,DIJKSTRA,,,,0.00017443799879401922,1000,3
ER,60,0.1,uniform_1_9,A*,,,,0.0001777085017238278,1000,4
ER,60,0.14,uniform_1_9,BI_DIJKSTRA,,,,6.170849883346818e-05,1000,1
ER,60,0.14,uniform_1_9,ALT,,,,0.00013922899961471558,1000,2
ER,60,0.14,uniform_1_9,A*,,,,0.0002086669992422685,1000,3
ER,60,0.14,uniform_1_9,DIJKSTRA,,,,0.00021097900025779381,1000,4
ER,120,0.06,uniform_1_9,BI_DIJKSTRA,,,,8.693749987287447e-05,1000,1
ER,120,0.06,uniform_1_9,ALT,,,,0.0002066255001409445,1000,2
ER,120,0.06,uniform_1_9,DIJKSTRA,,,,0.00038814599975012243,1000,3
ER,120,0.06,uniform_1_9,A*,,,,0.00038920799852348864,1000,4
ER,120,0.1,uniform_1_9,BI_DIJKSTRA,,,,0.0001188750029541552,1000,1
ER,120,0.1,uniform_1_9,ALT,,,,0.0003182084983563982,1000,2
ER,120,0.1,uniform_1_9,A*,,,,0.0005182919994695112,1000,3
ER,120,0.1,uniform_1_9,DIJKSTRA,,,,0.0005730420016334392,1000,4
ER,120,0.14,uniform_1_9,BI_DIJKSTRA,,,,0.00015689549763919786,1000,1
ER,120,0.14,uniform_1_9,ALT,,,,0.00041695850086398423,1000,2
ER,120,0.14,uniform_1_9,A*,,,,0.0006250829974305816,1000,3
ER,120,0.14,uniform_1_9,DIJKSTRA,,,,0.0007920215030026156,1000,4
ER,240,0.06,uniform_1_9,BI_DIJKSTRA,,,,0.00019818749933619983,1000,1
ER,240,0.06,uniform_1_9,ALT,,,,0.000719666997611057,1000,2
ER,240,0.06,uniform_1_9,A*,,,,0.0011643130019365344,1000,3
ER,240,0.06,uniform_1_9,DIJKSTRA,,,,0.0013717710025957786,1000,4
ER,240,0.1,uniform_1_9,BI_DIJKSTRA,,,,0.0003058124966628384,1000,1
ER,240,0.1,uniform_1_9,ALT,,,,0.0010806460013554897,1000,2
ER,240,0.1,uniform_1_9,A*,,,,0.0015491454978473485,1000,3
ER,240,0.1,uniform_1_9,DIJKSTRA,,,,0.0021411454981716815,1000,4
ER,240,0.14,uniform_1_9,BI_DIJKSTRA,,,,0.0003549170032783877,1000,1
ER,240,0.14,uniform_1_9,ALT,,,,0.0013798545005556662,1000,2
ER,240,0.14,uniform_1_9,A*,,,,0.0017005209992930759,1000,3
ER,240,0.14,uniform_1_9,DIJKSTRA,,,,0.002898708000429906,1000,4
BA,30,0.06,uniform_1_9,BI_DIJKSTRA,,,,1.9937502656830475e-05,1000,1
BA,30,0.06,uniform_1_9,DIJKSTRA,,,,3.785449735005386e-05,1000,2
BA,30,0.06,uniform_1_9,A*,,,,4.406299922266044e-05,1000,3
BA,30,0.06,uniform_1_9,ALT,,,,6.824999945820309e-05,1000,4
BA,30,0.1,uniform_1_9,BI_DIJKSTRA,,,,2.872900222428143e-05,1000,1
BA,30,0.1,uniform_1_9,DIJKSTRA,,,,6.443749953177758e-05,1000,2
BA,30,0.1,uniform_1_9,A*,,,,6.985450090724044e-05,1000,3
BA,30,0.1,uniform_1_9,ALT,,,,7.760399967082776e-05,1000,4
BA,30,0.14,uniform_1_9,BI_DIJKSTRA,,,,2.6832996809389442e-05,1000,1
BA,30,0.14,uniform_1_9,DIJKSTRA,,,,6.143750215414912e-05,1000,2
BA,30,0.14,uniform_1_9,A*,,,,6.602099892916158e-05,1000,3
BA,30,0.14,uniform_1_9,ALT,,,,7.518699567299336e-05,1000,4
BA,60,0.06,uniform_1_9,BI_DIJKSTRA,,,,4.383300256449729e-05,1000,1
BA,60,0.06,uniform_1_9,ALT,,,,0.00011564550004550256,1000,2
BA,60,0.06,uniform_1_9,DIJKSTRA,,,,0.00012404150402289815,1000,3
BA,60,0.06,uniform_1_9,A*,,,,0.00013502099682227708,1000,4
BA,60,0.1,uniform_1_9,BI_DIJKSTRA,,,,5.591649824054912e-05,1000,1
BA,60,0.1,uniform_1_9,ALT,,,,0.00014958350220695138,1000,2
BA,60,0.1,uniform_1_9,DIJKSTRA,,,,0.00017089549874071963,1000,3
BA,60,0.1,uniform_1_9,A*,,,,0.0001729159994283691,1000,4
BA,60,0.14,uniform_1_9,BI_DIJKSTRA,,,,6.308299998636357e-05,1000,1
BA,60,0.14,uniform_1_9,ALT,,,,0.00016362499809474684,1000,2
BA,60,0.14,uniform_1_9,A*,,,,0.00020645800032070838,1000,3
BA,60,0.14,uniform_1_9,DIJKSTRA,,,,0.00020927100194967352,1000,4
BA,120,0.06,uniform_1_9,BI_DIJKSTRA,,,,0.00010025000301538967,1000,1
BA,120,0.06,uniform_1_9,ALT,,,,0.00029693799660890363,1000,2
BA,120,0.06,uniform_1_9,A*,,,,0.00042779199793585576,1000,3
BA,120,0.06,uniform_1_9,DIJKSTRA,,,,0.00044883299779030494,1000,4
BA,120,0.1,uniform_1_9,BI_DIJKSTRA,,,,0.00012922899986733682,1000,1
BA,120,0.1,uniform_1_9,ALT,,,,0.00039668750105192885,1000,2
BA,120,0.1,uniform_1_9,A*,,,,0.0005488960014190525,1000,3
BA,120,0.1,uniform_1_9,DIJKSTRA,,,,0.0006121249971329235,1000,4
BA,120,0.14,uniform_1_9,BI_DIJKSTRA,,,,0.00014785399980610237,1000,1
BA,120,0.14,uniform_1_9,ALT,,,,0.0004640414990717545,1000,2
BA,120,0.14,uniform_1_9,A*,,,,0.0006243120005819947,1000,3
BA,120,0.14,uniform_1_9,DIJKSTRA,,,,0.0007681870010856073,1000,4
BA,240,0.06,uniform_1_9,BI_DIJKSTRA,,,,0.00021433299843920395,1000,1
BA,240,0.06,uniform_1_9,ALT,,,,0.0009044585021911189,1000,2
BA,240,0.06,uniform_1_9,A*,,,,0.0013113335007801652,1000,3
BA,240,0.06,uniform_1_9,DIJKSTRA,,,,0.0015090209999470972,1000,4
BA,240,0.1,uniform_1_9,BI_DIJKSTRA,,,,0.0003166665010212455,1000,1
BA,240,0.1,uniform_1_9,ALT,,,,0.0013626244981423952,1000,2
BA,240,0.1,uniform_1_9,A*,,,,0.0018030835017270874,1000,3
BA,240,0.1,uniform_1_9,DIJKSTRA,,,,0.002391728998190956,1000,4
BA,240,0.14,uniform_1_9,BI_DIJKSTRA,,,,0.00035647950062411837,1000,1
BA,240,0.14,uniform_1_9,ALT,,,,0.0016678749962011352,1000,2
BA,240,0.14,uniform_1_9,A*,,,,0.002003354504267918,1000,3
BA,240,0.14,uniform_1_9,DIJKSTRA,,,,0.0030858125028316863,1000,4
WS,30,0.06,uniform_1_9,DIJKSTRA,0.01,,,3.3229000109713525e-05,1000,1
WS,30,0.06,uniform_1_9,BI_DIJKSTRA,0.01,,,3.3542000892339274e-05,1000,2
WS,30,0.06,uniform_1_9,A*,0.01,,,3.949999882024713e-05,1000,3
WS,30,0.06,uniform_1_9,ALT,0.01,,,6.0582999140024185e-05,1000,4
WS,30,0.06,uniform_1_9,BI_DIJKSTRA,0.05,,,3.1167000997811556e-05,1000,1
WS,30,0.06,uniform_1_9,DIJKSTRA,0.05,,,3.439549982431345e-05,1000,2
WS,30,0.06,uniform_1_9,A*,0.05,,,4.11669971072115e-05,1000,3
WS,30,0.06,uniform_1_9,ALT,0.05,,,6.0708502132911235e-05,1000,4
WS,30,0.06,uniform_1_9,BI_DIJKSTRA,0.1,,,2.7812497137347236e-05,1000,1
WS,30,0.06,uniform_1_9,DIJKSTRA,0.1,,,3.579150143195875e-05,1000,2
WS,30,0.06,uniform_1_9,A*,0.1,,,4.285399700165726e-05,1000,3
WS,30,0.06,uniform_1_9,ALT,0.1,,,5.8707999414764345e-05,1000,4
WS,30,0.06,uniform_1_9,BI_DIJKSTRA,0.3,,,2.7000001864507794e-05,1000,1
WS,30,0.06,uniform_1_9,DIJKSTRA,0.3,,,3.6896002711728215e-05,1000,2
WS,30,0.06,uniform_1_9,A*,0.3,,,4.2896499508060515e-05,1000,3
WS,30,0.06,uniform_1_9,ALT,0.3,,,5.8999998145736754e-05,1000,4
WS,30,0.1,uniform_1_9,BI_DIJKSTRA,0.01,,,5.254149800748564e-05,1000,1
WS,30,0.1,uniform_1_9,DIJKSTRA,0.01,,,5.950000195298344e-05,1000,2
WS,30,0.1,uniform_1_9,A*,0.01,,,6.52505004836712e-05,1000,3
WS,30,0.1,uniform_1_9,ALT,0.01,,,7.012450078036636e-05,1000,4
WS,30,0.1,uniform_1_9,BI_DIJKSTRA,0.05,,,4.3042004108428955e-05,1000,1
WS,30,0.1,uniform_1_9,DIJKSTRA,0.05,,,5.7666497013997287e-05,1000,2
WS,30,0.1,uniform_1_9,ALT,0.05,,,6.170800043037161e-05,1000,3
WS,30,0.1,uniform_1_9,A*,0.05,,,6.354200013447553e-05,1000,4
WS,30,0.1,uniform_1_9,BI_DIJKSTRA,0.1,,,3.391650170669891e-05,1000,1
WS,30,0.1,uniform_1_9,DIJKSTRA,0.1,,,5.729149779654108e-05,1000,2
WS,30,0.1,uniform_1_9,ALT,0.1,,,5.8104000345338136e-05,1000,3
WS,30,0.1,uniform_1_9,A*,0.1,,,6.166650200611912e-05,1000,4
WS,30,0.1,uniform_1_9,BI_DIJKSTRA,0.3,,,3.2542004191782326e-05,1000,1
WS,30,0.1,uniform_1_9,ALT,0.3,,,5.4354000894818455e-05,1000,2
WS,30,0.1,uniform_1_9,DIJKSTRA,0.3,,,5.7999997807201e-05,1000,3
WS,30,0.1,uniform_1_9,A*,0.3,,,6.277099964790978e-05,1000,4
WS,30,0.14,uniform_1_9,BI_DIJKSTRA,0.01,,,4.916649777442217e-05,1000,1
WS,30,0.14,uniform_1_9,DIJKSTRA,0.01,,,5.797950143460184e-05,1000,2
WS,30,0.14,uniform_1_9,A*,0.01,,,6.308349838946015e-05,1000,3
WS,30,0.14,uniform_1_9,ALT,0.01,,,6.40834987279959e-05,1000,4
WS,30,0.14,uniform_1_9,BI_DIJKSTRA,0.05,,,4.2583498725434765e-05,1000,1
WS,30,0.14,uniform_1_9,DIJKSTRA,0.05,,,5.5479500588262454e-05,1000,2
WS,30,0.14,uniform_1_9,A*,0.05,,,6.0999500419711694e-05,1000,3
WS,30,0.14,uniform_1_9,ALT,0.05,,,6.135450166766532e-05,1000,4
WS,30,0.14,uniform_1_9,BI_DIJKSTRA,0.1,,,3.737500082934275e-05,1000,1
WS,30,0.14,uniform_1_9,ALT,0.1,,,5.750000127591193e-05,1000,2
WS,30,0.14,uniform_1_9,DIJKSTRA,0.1,,,6.07290021434892e-05,1000,3
WS,30,0.14,uniform_1_9,A*,0.1,,,6.552100239787251e-05,1000,4
WS,30,0.14,uniform_1_9,BI_DIJKSTRA,0.3,,,2.9562499548774213e-05,1000,1
WS,30,0.14,uniform_1_9,ALT,0.3,,,5.554199742618948e-05,1000,2
WS,30,0.14,uniform_1_9,DIJKSTRA,0.3,,,5.939600305282511e-05,1000,3
WS,30,0.14,uniform_1_9,A*,0.3,,,6.381249841069803e-05,1000,4
WS,60,0.06,uniform_1_9,BI_DIJKSTRA,0.01,,,9.485399641562253e-05,1000,1
WS,60,0.06,uniform_1_9,ALT,0.01,,,0.00011283350249868818,1000,2
WS,60,0.06,uniform_1_9,DIJKSTRA,0.01,,,0.0001135835045715794,1000,3
WS,60,0.06,uniform_1_9,A*,0.01,,,0.00012702049934887327,1000,4
WS,60,0.06,uniform_1_9,BI_DIJKSTRA,0.05,,,6.841699723736383e-05,1000,1
WS,60,0.06,uniform_1_9,ALT,0.05,,,8.993750088848174e-05,1000,2
WS,60,0.06,uniform_1_9,DIJKSTRA,0.05,,,0.00011295799777144566,1000,3
WS,60,0.06,uniform_1_9,A*,0.05,,,0.00012375000369502231,1000,4
WS,60,0.06,uniform_1_9,BI_DIJKSTRA,0.1,,,5.8083500334760174e-05,1000,1
WS,60,0.06,uniform_1_9,ALT,0.1,,,8.166699990397319e-05,1000,2
WS,60,0.06,uniform_1_9,DIJKSTRA,0.1,,,0.00011781249850173481,1000,3
WS,60,0.06,uniform_1_9,A*,0.1,,,0.00012872899969806895,1000,4
WS,60,0.06,uniform_1_9,BI_DIJKSTRA,0.3,,,5.0521000957814977e-05,1000,1
WS,60,0.06,uniform_1_9,ALT,0.3,,,7.960449875099584e-05,1000,2
WS,60,0.06,uniform_1_9,DIJKSTRA,0.3,,,0.00011831299707409926,1000,3
WS,60,0.06,uniform_1_9,A*,0.3,,,0.0001284790014324244,1000,4
WS,60,0.1,uniform_1_9,BI_DIJKSTRA,0.01,,,0.00011916649964405224,1000,1
WS,60,0.1,uniform_1_9,ALT,0.01,,,0.0001356249995296821,1000,2
WS,60,0.1,uniform_1_9,DIJKSTRA,0.01,,,0.0001572914952703286,1000,3
WS,60,0.1,uniform_1_9,A*,0.01,,,0.00016614649939583614,1000,4
WS,60,0.1,uniform_1_9,BI_DIJKSTRA,0.05,,,8.69999967108015e-05,1000,1
WS,60,0.1,uniform_1_9,ALT,0.05,,,0.00010435450167278759,1000,2
WS,60,0.1,uniform_1_9,DIJKSTRA,0.05,,,0.00016106249677250162,1000,3
WS,60,0.1,uniform_1_9,A*,0.05,,,0.00016168750153155997,1000,4
WS,60,0.1,uniform_1_9,BI_DIJKSTRA,0.1,,,7.97715038061142e-05,1000,1
WS,60,0.1,uniform_1_9,ALT,0.1,,,0.00010537550042499788,1000,2
WS,60,0.1,uniform_1_9,DIJKSTRA,0.1,,,0.00016354199397028424,1000,3
WS,60,0.1,uniform_1_9,A*,0.1,,,0.00017170849969261326,1000,4
WS,60,0.1,uniform_1_9,BI_DIJKSTRA,0.3,,,6.2624501879327e-05,1000,1
WS,60,0.1,uniform_1_9,ALT,0.3,,,0.00010697899779188447,1000,2
WS,60,0.1,uniform_1_9,DIJKSTRA,0.3,,,0.00016287499965983443,1000,3
WS,60,0.1,uniform_1_9,A*,0.3,,,0.00016718749975552782,1000,4
WS,60,0.14,uniform_1_9,BI_DIJKSTRA,0.01,,,0.00014556250243913382,1000,1
WS,60,0.14,uniform_1_9,ALT,0.01,,,0.00014835449837846681,1000,2
WS,60,0.14,uniform_1_9,DIJKSTRA,0.01,,,0.00019956300093326718,1000,3
WS,60,0.14,uniform_1_9,A*,0.01,,,0.00020337499881861731,1000,4
WS,60,0.14,uniform_1_9,BI_DIJKSTRA,0.05,,,0.00010597949949442409,1000,1
WS,60,0.14,uniform_1_9,ALT,0.05,,,0.00012760400204570033,1000,2
WS,60,0.14,uniform_1_9,A*,0.05,,,0.0001952499987964984,1000,3
WS,60,0.14,uniform_1_9,DIJKSTRA,0.05,,,0.00019860450265696272,1000,4
WS,60,0.14,uniform_1_9,BI_DIJKSTRA,0.1,,,9.022899757837877e-05,1000,1
WS,60,0.14,uniform_1_9,ALT,0.1,,,0.00012735449490719475,1000,2
WS,60,0.14,uniform_1_9,A*,0.1,,,0.00019624999913503416,1000,3
WS,60,0.14,uniform_1_9,DIJKSTRA,0.1,,,0.00020456250058487058,1000,4
WS,60,0.14,uniform_1_9,BI_DIJKSTRA,0.3,,,7.270800415426493e-05,1000,1
WS,60,0.14,uniform_1_9,ALT,0.3,,,0.0001282084995182231,1000,2
WS,60,0.14,uniform_1_9,A*,0.3,,,0.0001945830008480698,1000,3
WS,60,0.14,uniform_1_9,DIJKSTRA,0.3,,,0.0002057505007542204,1000,4
WS,120,0.06,uniform_1_9,ALT,0.01,,,0.00023210449944599532,1000,1
WS,120,0.06,uniform_1_9,BI_DIJKSTRA,0.01,,,0.0002554794991738163,1000,2
WS,120,0.06,uniform_1_9,DIJKSTRA,0.01,,,0.0004136040006414987,1000,3
WS,120,0.06,uniform_1_9,A*,0.01,,,0.0004388745001051575,1000,4
WS,120,0.06,uniform_1_9,BI_DIJKSTRA,0.05,,,0.00016752100054873154,1000,1
WS,120,0.06,uniform_1_9,ALT,0.05,,,0.0001923335003084503,1000,2
WS,120,0.06,uniform_1_9,DIJKSTRA,0.05,,,0.00042187500366708264,1000,3
WS,120,0.06,uniform_1_9,A*,0.05,,,0.0004277714979252778,1000,4
WS,120,0.06,uniform_1_9,BI_DIJKSTRA,0.1,,,0.00014766649837838486,1000,1
WS,120,0.06,uniform_1_9,ALT,0.1,,,0.00018245799947180785,1000,2
WS,120,0.06,uniform_1_9,A*,0.1,,,0.0004103544997633435,1000,3
WS,120,0.06,uniform_1_9,DIJKSTRA,0.1,,,0.0004212499989080243,1000,4
WS,120,0.06,uniform_1_9,BI_DIJKSTRA,0.3,,,0.00011127100151497871,1000,1
WS,120,0.06,uniform_1_9,ALT,0.3,,,0.0002059580001514405,1000,2
WS,120,0.06,uniform_1_9,A*,0.3,,,0.0004086875014763791,1000,3
WS,120,0.06,uniform_1_9,DIJKSTRA,0.3,,,0.00042064599983859807,1000,4
WS,120,0.1,uniform_1_9,ALT,0.01,,,0.00028485399889177643,1000,1
WS,120,0.1,uniform_1_9,BI_DIJKSTRA,0.01,,,0.0003478544967947528,1000,2
WS,120,0.1,uniform_1_9,A*,0.01,,,0.0005640415001835208,1000,3
WS,120,0.1,uniform_1_9,DIJKSTRA,0.01,,,0.0005717709973396268,1000,4
WS,120,0.1,uniform_1_9,BI_DIJKSTRA,0.05,,,0.00022112499937065877,1000,1
WS,120,0.1,uniform_1_9,ALT,0.05,,,0.0002656459982972592,1000,2
WS,120,0.1,uniform_1_9,A*,0.05,,,0.0005108750010549556,1000,3
WS,120,0.1,uniform_1_9,DIJKSTRA,0.05,,,0.0005593545029114466,1000,4
WS,120,0.1,uniform_1_9,BI_DIJKSTRA,0.1,,,0.0001955205007106997,1000,1
WS,120,0.1,uniform_1_9,ALT,0.1,,,0.0002583539971965365,1000,2
WS,120,0.1,uniform_1_9,A*,0.1,,,0.0005196040037844796,1000,3
WS,120,0.1,uniform_1_9,DIJKSTRA,0.1,,,0.0005937290006841067,1000,4
WS,120,0.1,uniform_1_9,BI_DIJKSTRA,0.3,,,0.00014431199815589935,1000,1
WS,120,0.1,uniform_1_9,ALT,0.3,,,0.0003007500017702114,1000,2
WS,120,0.1,uniform_1_9,A*,0.3,,,0.0005381254959502257,1000,3
WS,120,0.1,uniform_1_9,DIJKSTRA,0.3,,,0.0006064789959054906,1000,4
WS,120,0.14,uniform_1_9,ALT,0.01,,,0.0003925204982806463,1000,1
WS,120,0.14,uniform_1_9,BI_DIJKSTRA,0.01,,,0.0004604994974215515,1000,2
WS,120,0.14,uniform_1_9,A*,0.01,,,0.0007571660025860183,1000,3
WS,120,0.14,uniform_1_9,DIJKSTRA,0.01,,,0.0008611249977548141,1000,4
WS,120,0.14,uniform_1_9,BI_DIJKSTRA,0.05,,,0.00030031250571482815,1000,1
WS,120,0.14,uniform_1_9,ALT,0.05,,,0.00036085400279262103,1000,2
WS,120,0.14,uniform_1_9,A*,0.05,,,0.000680875004036352,1000,3
WS,120,0.14,uniform_1_9,DIJKSTRA,0.05,,,0.0008372294978471473,1000,4
WS,120,0.14,uniform_1_9,BI_DIJKSTRA,0.1,,,0.00021929149443167262,1000,1
WS,120,0.14,uniform_1_9,ALT,0.1,,,0.0003489789960440248,1000,2
WS,120,0.14,uniform_1_9,A*,0.1,,,0.000667333497403888,1000,3
WS,120,0.14,uniform_1_9,DIJKSTRA,0.1,,,0.0008213964974856935,1000,4
WS,120,0.14,uniform_1_9,BI_DIJKSTRA,0.3,,,0.00017160449715447612,1000,1
WS,120,0.14,uniform_1_9,ALT,0.3,,,0.0003816665011981968,1000,2
WS,120,0.14,uniform_1_9,A*,0.3,,,0.0005890414977329783,1000,3
WS,120,0.14,uniform_1_9,DIJKSTRA,0.3,,,0.0008001454989425838,1000,4
WS,240,0.06,uniform_1_9,ALT,0.01,,,0.00046714650306967087,1000,1
WS,240,0.06,uniform_1_9,BI_DIJKSTRA,0.01,,,0.0006005204995744862,1000,2
WS,240,0.06,uniform_1_9,A*,0.01,,,0.001265208498807624,1000,3
WS,240,0.06,uniform_1_9,DIJKSTRA,0.01,,,0.0013206454968894832,1000,4
WS,240,0.06,uniform_1_9,BI_DIJKSTRA,0.05,,,0.0003943124975194223,1000,1
WS,240,0.06,uniform_1_9,ALT,0.05,,,0.0004837080014112871,1000,2
WS,240,0.06,uniform_1_9,A*,0.05,,,0.0012284375006856862,1000,3
WS,240,0.06,uniform_1_9,DIJKSTRA,0.05,,,0.0013706874997296836,1000,4
WS,240,0.06,uniform_1_9,BI_DIJKSTRA,0.1,,,0.0003291040011390578,1000,1
WS,240,0.06,uniform_1_9,ALT,0.1,,,0.0004899585001112428,1000,2
WS,240,0.06,uniform_1_9,A*,0.1,,,0.0012195835006423295,1000,3
WS,240,0.06,uniform_1_9,DIJKSTRA,0.1,,,0.0013604170017060824,1000,4
WS,240,0.06,uniform_1_9,BI_DIJKSTRA,0.3,,,0.0002321874999324791,1000,1
WS,240,0.06,uniform_1_9,ALT,0.3,,,0.0006308124975475948,1000,2
WS,240,0.06,uniform_1_9,A*,0.3,,,0.0011188954995304812,1000,3
WS,240,0.06,uniform_1_9,DIJKSTRA,0.3,,,0.0013199790046201088,1000,4
WS,240,0.1,uniform_1_9,ALT,0.01,,,0.0007478959996660706,1000,1
WS,240,0.1,uniform_1_9,BI_DIJKSTRA,0.01,,,0.0010417914963909425,1000,2
WS,240,0.1,uniform_1_9,A*,0.01,,,0.0018659169982129242,1000,3
WS,240,0.1,uniform_1_9,DIJKSTRA,0.01,,,0.0021816250009578653,1000,4
WS,240,0.1,uniform_1_9,BI_DIJKSTRA,0.05,,,0.0006088955015002284,1000,1
WS,240,0.1,uniform_1_9,ALT,0.05,,,0.0008159794997482095,1000,2
WS,240,0.1,uniform_1_9,A*,0.05,,,0.001764541997545166,1000,3
WS,240,0.1,uniform_1_9,DIJKSTRA,0.05,,,0.0022470629955932964,1000,4
WS,240,0.1,uniform_1_9,BI_DIJKSTRA,0.1,,,0.0004517919987847563,1000,1
WS,240,0.1,uniform_1_9,ALT,0.1,,,0.0007951879997563083,1000,2
WS,240,0.1,uniform_1_9,A*,0.1,,,0.0016405629976361524,1000,3
WS,240,0.1,uniform_1_9,DIJKSTRA,0.1,,,0.0021911664989602286,1000,4
WS,240,0.1,uniform_1_9,BI_DIJKSTRA,0.3,,,0.00034983349905814976,1000,1
WS,240,0.1,uniform_1_9,ALT,0.3,,,0.0009906044979288708,1000,2
WS,240,0.1,uniform_1_9,A*,0.3,,,0.0015371459994639736,1000,3
WS,240,0.1,uniform_1_9,DIJKSTRA,0.3,,,0.0022581880002690013,1000,4
WS,240,0.14,uniform_1_9,ALT,0.01,,,0.0009651665022829548,1000,1
WS,240,0.14,uniform_1_9,BI_DIJKSTRA,0.01,,,0.0010689584996725898,1000,2
WS,240,0.14,uniform_1_9,A*,0.01,,,0.0022119789973658044,1000,3
WS,240,0.14,uniform_1_9,DIJKSTRA,0.01,,,0.0030025209998711944,1000,4
WS,240,0.14,uniform_1_9,BI_DIJKSTRA,0.05,,,0.0006624164998356719,1000,1
WS,240,0.14,uniform_1_9,ALT,0.05,,,0.0010737500015238766,1000,2
WS,240,0.14,uniform_1_9,A*,0.05,,,0.0020124790025874972,1000,3
WS,240,0.14,uniform_1_9,DIJKSTRA,0.05,,,0.0029700414997932967,1000,4
WS,240,0.14,uniform_1_9,BI_DIJKSTRA,0.1,,,0.0005710209989047144,1000,1
WS,240,0.14,uniform_1_9,ALT,0.1,,,0.001166853999166051,1000,2
WS,240,0.14,uniform_1_9,A*,0.1,,,0.002020082996750716,1000,3
WS,240,0.14,uniform_1_9,DIJKSTRA,0.1,,,0.0030850834991724696,1000,4
WS,240,0.14,uniform_1_9,BI_DIJKSTRA,0.3,,,0.0004120205012441147,1000,1
WS,240,0.14,uniform_1_9,ALT,0.3,,,0.0013173545012250543,1000,2
WS,240,0.14,uniform_1_9,A*,0.3,,,0.0017995415000768844,1000,3
WS,240,0.14,uniform_1_9,DIJKSTRA,0.3,,,0.003016437498445157,1000,4
GRID,36,0.06,uniform_1_9,BI_DIJKSTRA,,,6,4.2083502194145694e-05,1000,1
GRID,36,0.06,uniform_1_9,A*,,,6,6.199999916134402e-05,1000,2
GRID,36,0.06,uniform_1_9,DIJKSTRA,,,6,6.272900282056071e-05,1000,3
GRID,36,0.06,uniform_1_9,ALT,,,6,6.443799793487415e-05,1000,4
GRID,64,0.06,uniform_1_9,BI_DIJKSTRA,,,8,7.122900206013583e-05,1000,1
GRID,64,0.06,uniform_1_9,ALT,,,8,8.78965001902543e-05,1000,2
GRID,64,0.06,uniform_1_9,A*,,,8,0.00010718749763327651,1000,3
GRID,64,0.06,uniform_1_9,DIJKSTRA,,,8,0.00011429150254116394,1000,4
GRID,144,0.06,uniform_1_9,ALT,,,12,0.0001494999996793922,1000,1
GRID,144,0.06,uniform_1_9,BI_DIJKSTRA,,,12,0.00015318700025090948,1000,2
GRID,144,0.06,uniform_1_9,A*,,,12,0.0002424375015834812,1000,3
GRID,144,0.06,uniform_1_9,DIJKSTRA,,,12,0.0002713959984248504,1000,4
GRID,256,0.06,uniform_1_9,ALT,,,16,0.00023516650253441185,1000,1
GRID,256,0.06,uniform_1_9,BI_DIJKSTRA,,,16,0.0002823335016728379,1000,2
GRID,256,0.06,uniform_1_9,A*,,,16,0.00043616650145850144,1000,3
GRID,256,0.06,uniform_1_9,DIJKSTRA,,,16,0.0004971664966433309,1000,4
GRID,36,0.1,uniform_1_9,BI_DIJKSTRA,,,6,3.843749800580554e-05,1000,1
GRID,36,0.1,uniform_1_9,A*,,,6,6.0083501011831686e-05,1000,2
GRID,36,0.1,uniform_1_9,DIJKSTRA,,,6,6.175000089569949e-05,1000,3
GRID,36,0.1,uniform_1_9,ALT,,,6,6.18545018369332e-05,1000,4
GRID,64,0.1,uniform_1_9,BI_DIJKSTRA,,,8,6.810399645473808e-05,1000,1
GRID,64,0.1,uniform_1_9,ALT,,,8,8.897900261217728e-05,1000,2
GRID,64,0.1,uniform_1_9,A*,,,8,0.00010368749644840136,1000,3
GRID,64,0.1,uniform_1_9,DIJKSTRA,,,8,0.00011241700121900067,1000,4
GRID,144,0.1,uniform_1_9,ALT,,,12,0.00015677099509048276,1000,1
GRID,144,0.1,uniform_1_9,BI_DIJKSTRA,,,12,0.0001646034979785327,1000,2
GRID,144,0.1,uniform_1_9,A*,,,12,0.00025772899971343577,1000,3
GRID,144,0.1,uniform_1_9,DIJKSTRA,,,12,0.00028170850055175833,1000,4
GRID,256,0.1,uniform_1_9,ALT,,,16,0.00022239549798541702,1000,1
GRID,256,0.1,uniform_1_9,BI_DIJKSTRA,,,16,0.000283875000604894,1000,2
GRID,256,0.1,uniform_1_9,A*,,,16,0.0004240834969095886,1000,3
GRID,256,0.1,uniform_1_9,DIJKSTRA,,,16,0.00047583299965481274,1000,4
GRID,36,0.14,uniform_1_9,BI_DIJKSTRA,,,6,3.877050039591268e-05,1000,1
GRID,36,0.14,uniform_1_9,A*,,,6,5.912500273552723e-05,1000,2
GRID,36,0.14,uniform_1_9,DIJKSTRA,,,6,6.1395996453939e-05,1000,3
GRID,36,0.14,uniform_1_9,ALT,,,6,6.479199873865582e-05,1000,4
GRID,64,0.14,uniform_1_9,BI_DIJKSTRA,,,8,7.04374979250133e-05,1000,1
GRID,64,0.14,uniform_1_9,ALT,,,8,8.989549678517506e-05,1000,2
GRID,64,0.14,uniform_1_9,A*,,,8,0.00010843699783436023,1000,3
GRID,64,0.14,uniform_1_9,DIJKSTRA,,,8,0.00011539599654497579,1000,4
GRID,144,0.14,uniform_1_9,ALT,,,12,0.00014981249842094257,1000,1
GRID,144,0.14,uniform_1_9,BI_DIJKSTRA,,,12,0.00015345849897130392,1000,2
GRID,144,0.14,uniform_1_9,A*,,,12,0.00022964549862081185,1000,3
GRID,144,0.14,uniform_1_9,DIJKSTRA,,,12,0.0002627499961818103,1000,4
GRID,256,0.14,uniform_1_9,ALT,,,16,0.00021950000154902227,1000,1
GRID,256,0.14,uniform_1_9,BI_DIJKSTRA,,,16,0.00027954200049862266,1000,2
GRID,256,0.14,uniform_1_9,A*,,,16,0.0004180625001026783,1000,3
GRID,256,0.14,uniform_1_9,DIJKSTRA,,,16,0.00048289600090356544,1000,4
COMM,30,0.06,uniform_1_9,BI_DIJKSTRA,,3.0,,2.7750000299420208e-05,1000,1
COMM,30,0.06,uniform_1_9,DIJKSTRA,,3.0,,3.852050213026814e-05,1000,2
COMM,30,0.06,uniform_1_9,A*,,3.0,,4.5208500523585826e-05,1000,3
COMM,30,0.06,uniform_1_9,ALT,,3.0,,6.160400153021328e-05,1000,4
COMM,30,0.06,uniform_1_9,BI_DIJKSTRA,,6.0,,3.137499879812822e-05,1000,1
COMM,30,0.06,uniform_1_9,DIJKSTRA,,6.0,,3.464600376901217e-05,1000,2
COMM,30,0.06,uniform_1_9,A*,,6.0,,4.081300357938744e-05,1000,3
COMM,30,0.06,uniform_1_9,ALT,,6.0,,6.747900260961615e-05,1000,4
COMM,30,0.06,uniform_1_9,BI_DIJKSTRA,,12.0,,3.139549880870618e-05,1000,1
COMM,30,0.06,uniform_1_9,DIJKSTRA,,12.0,,3.5208999179303646e-05,1000,2
COMM,30,0.06,uniform_1_9,A*,,12.0,,4.120800076634623e-05,1000,3
COMM,30,0.06,uniform_1_9,ALT,,12.0,,6.593750367756002e-05,1000,4
COMM,30,0.1,uniform_1_9,BI_DIJKSTRA,,3.0,,2.3771004634909332e-05,1000,1
COMM,30,0.1,uniform_1_9,DIJKSTRA,,3.0,,5.068750397185795e-05,1000,2
COMM,30,0.1,uniform_1_9,A*,,3.0,,5.597899871645495e-05,1000,3
COMM,30,0.1,uniform_1_9,ALT,,3.0,,5.6645498261787e-05,1000,4
COMM,30,0.1,uniform_1_9,BI_DIJKSTRA,,6.0,,2.6457997591933236e-05,1000,1
COMM,30,0.1,uniform_1_9,DIJKSTRA,,6.0,,3.954150452045724e-05,1000,2
COMM,30,0.1,uniform_1_9,A*,,6.0,,4.587549847201444e-05,1000,3
COMM,30,0.1,uniform_1_9,ALT,,6.0,,5.939550101174973e-05,1000,4
COMM,30,0.1,uniform_1_9,BI_DIJKSTRA,,12.0,,2.8958500479348004e-05,1000,1
COMM,30,0.1,uniform_1_9,DIJKSTRA,,12.0,,3.7687499570893124e-05,1000,2
COMM,30,0.1,uniform_1_9,A*,,12.0,,4.3833500967593864e-05,1000,3
COMM,30,0.1,uniform_1_9,ALT,,12.0,,6.158350151963532e-05,1000,4
COMM,30,0.14,uniform_1_9,BI_DIJKSTRA,,3.0,,2.8458001906983554e-05,1000,1
COMM,30,0.14,uniform_1_9,ALT,,3.0,,5.92085016251076e-05,1000,2
COMM,30,0.14,uniform_1_9,DIJKSTRA,,3.0,,6.135399962658994e-05,1000,3
COMM,30,0.14,uniform_1_9,A*,,3.0,,6.654149910900742e-05,1000,4
COMM,30,0.14,uniform_1_9,BI_DIJKSTRA,,6.0,,2.4166998628061265e-05,1000,1
COMM,30,0.14,uniform_1_9,DIJKSTRA,,6.0,,5.1875002100132406e-05,1000,2
COMM,30,0.14,uniform_1_9,ALT,,6.0,,5.720849731005728e-05,1000,3
COMM,30,0.14,uniform_1_9,A*,,6.0,,5.7583500165492296e-05,1000,4
COMM,30,0.14,uniform_1_9,BI_DIJKSTRA,,12.0,,2.735450107138604e-05,1000,1
COMM,30,0.14,uniform_1_9,DIJKSTRA,,12.0,,4.6437500714091584e-05,1000,2
COMM,30,0.14,uniform_1_9,A*,,12.0,,5.306200182531029e-05,1000,3
COMM,30,0.14,uniform_1_9,ALT,,12.0,,5.733300349675119e-05,1000,4
COMM,60,0.06,uniform_1_9,BI_DIJKSTRA,,3.0,,3.9582999306730926e-05,1000,1
COMM,60,0.06,uniform_1_9,ALT,,3.0,,8.23955015221145e-05,1000,2
COMM,60,0.06,uniform_1_9,DIJKSTRA,,3.0,,0.00011652049943222664,1000,3
COMM,60,0.06,uniform_1_9,A*,,3.0,,0.00012597899694810621,1000,4
COMM,60,0.06,uniform_1_9,BI_DIJKSTRA,,6.0,,3.7791498471051455e-05,1000,1
COMM,60,0.06,uniform_1_9,ALT,,6.0,,7.589599772472866e-05,1000,2
COMM,60,0.06,uniform_1_9,DIJKSTRA,,6.0,,9.856299584498629e-05,1000,3
COMM,60,0.06,uniform_1_9,A*,,6.0,,0.00011160400026710704,1000,4
COMM,60,0.06,uniform_1_9,BI_DIJKSTRA,,12.0,,4.1146002331515774e-05,1000,1
COMM,60,0.06,uniform_1_9,ALT,,12.0,,8.07705000624992e-05,1000,2
COMM,60,0.06,uniform_1_9,DIJKSTRA,,12.0,,8.737500320421532e-05,1000,3
COMM,60,0.06,uniform_1_9,A*,,12.0,,9.770850010681897e-05,1000,4
COMM,60,0.1,uniform_1_9,BI_DIJKSTRA,,3.0,,5.195849735173397e-05,1000,1
COMM,60,0.1,uniform_1_9,ALT,,3.0,,0.00010877099703066051,1000,2
COMM,60,0.1,uniform_1_9,DIJKSTRA,,3.0,,0.0001619789945834782,1000,3
COMM,60,0.1,uniform_1_9,A*,,3.0,,0.00017168750127893873,1000,4
COMM,60,0.1,uniform_1_9,BI_DIJKSTRA,,6.0,,4.6645498514408246e-05,1000,1
COMM,60,0.1,uniform_1_9,ALT,,6.0,,9.281250095227733e-05,1000,2
COMM,60,0.1,uniform_1_9,DIJKSTRA,,6.0,,0.00013462499919114634,1000,3
COMM,60,0.1,uniform_1_9,A*,,6.0,,0.00014822899902355857,1000,4
COMM,60,0.1,uniform_1_9,BI_DIJKSTRA,,12.0,,4.712500231107697e-05,1000,1
COMM,60,0.1,uniform_1_9,ALT,,12.0,,8.924999929149635e-05,1000,2
COMM,60,0.1,uniform_1_9,DIJKSTRA,,12.0,,0.00011808349881903268,1000,3
COMM,60,0.1,uniform_1_9,A*,,12.0,,0.00013129200306138955,1000,4
COMM,60,0.14,uniform_1_9,BI_DIJKSTRA,,3.0,,6.39375030004885e-05,1000,1
COMM,60,0.14,uniform_1_9,ALT,,3.0,,0.00013458299508783966,1000,2
COMM,60,0.14,uniform_1_9,A*,,3.0,,0.00020574999871314503,1000,3
COMM,60,0.14,uniform_1_9,DIJKSTRA,,3.0,,0.00021337500220397487,1000,4
COMM,60,0.14,uniform_1_9,BI_DIJKSTRA,,6.0,,5.743700239690952e-05,1000,1
COMM,60,0.14,uniform_1_9,ALT,,6.0,,0.00011145800090162084,1000,2
COMM,60,0.14,uniform_1_9,DIJKSTRA,,6.0,,0.0001707914962025825,1000,3
COMM,60,0.14,uniform_1_9,A*,,6.0,,0.0001739370018185582,1000,4
COMM,60,0.14,uniform_1_9,BI_DIJKSTRA,,12.0,,5.6417000450892374e-05,1000,1
COMM,60,0.14,uniform_1_9,ALT,,12.0,,0.00010441700214869343,1000,2
COMM,60,0.14,uniform_1_9,DIJKSTRA,,12.0,,0.00014960400221752934,1000,3
COMM,60,0.14,uniform_1_9,A*,,12.0,,0.00015779200111865066,1000,4
COMM,120,0.06,uniform_1_9,BI_DIJKSTRA,,3.0,,8.581249494454823e-05,1000,1
COMM,120,0.06,uniform_1_9,ALT,,3.0,,0.0002001249995373655,1000,2
COMM,120,0.06,uniform_1_9,DIJKSTRA,,3.0,,0.00040074950084090233,1000,3
COMM,120,0.06,uniform_1_9,A*,,3.0,,0.00040206250196206383,1000,4
COMM,120,0.06,uniform_1_9,BI_DIJKSTRA,,6.0,,7.756249760859646e-05,1000,1
COMM,120,0.06,uniform_1_9,ALT,,6.0,,0.0001564370031701401,1000,2
COMM,120,0.06,uniform_1_9,DIJKSTRA,,6.0,,0.00031687499722465873,1000,3
COMM,120,0.06,uniform_1_9,A*,,6.0,,0.00033256250026170164,1000,4
COMM,120,0.06,uniform_1_9,BI_DIJKSTRA,,12.0,,7.677100074943155e-05,1000,1
COMM,120,0.06,uniform_1_9,ALT,,12.0,,0.00014252049732021987,1000,2
COMM,120,0.06,uniform_1_9,DIJKSTRA,,12.0,,0.00028533349905046634,1000,3
COMM,120,0.06,uniform_1_9,A*,,12.0,,0.00030506300026900135,1000,4
COMM,120,0.1,uniform_1_9,BI_DIJKSTRA,,3.0,,0.00012025000251014717,1000,1
COMM,120,0.1,uniform_1_9,ALT,,3.0,,0.00030314600007841364,1000,2
COMM,120,0.1,uniform_1_9,A*,,3.0,,0.000503562499943655,1000,3
COMM,120,0.1,uniform_1_9,DIJKSTRA,,3.0,,0.0005839794976054691,1000,4
COMM,120,0.1,uniform_1_9,BI_DIJKSTRA,,6.0,,0.00010654150173650123,1000,1
COMM,120,0.1,uniform_1_9,ALT,,6.0,,0.00022502099818666466,1000,2
COMM,120,0.1,uniform_1_9,A*,,6.0,,0.00046368749826797284,1000,3
COMM,120,0.1,uniform_1_9,DIJKSTRA,,6.0,,0.00047862500287010334,1000,4
COMM,120,0.1,uniform_1_9,BI_DIJKSTRA,,12.0,,0.0001030415041896049,1000,1
COMM,120,0.1,uniform_1_9,ALT,,12.0,,0.00021285399998305365,1000,2
COMM,120,0.1,uniform_1_9,A*,,12.0,,0.00039452100099879317,1000,3
COMM,120,0.1,uniform_1_9,DIJKSTRA,,12.0,,0.0004028959992865566,1000,4
COMM,120,0.14,uniform_1_9,BI_DIJKSTRA,,3.0,,0.00015843750225030817,1000,1
COMM,120,0.14,uniform_1_9,ALT,,3.0,,0.00040625000110594556,1000,2
COMM,120,0.14,uniform_1_9,A*,,3.0,,0.0006336874976113904,1000,3
COMM,120,0.14,uniform_1_9,DIJKSTRA,,3.0,,0.0007913125009508803,1000,4
COMM,120,0.14,uniform_1_9,BI_DIJKSTRA,,6.0,,0.0001230000016221311,1000,1
COMM,120,0.14,uniform_1_9,ALT,,6.0,,0.00031475000287173316,1000,2
COMM,120,0.14,uniform_1_9,A*,,6.0,,0.0005343750017345883,1000,3
COMM,120,0.14,uniform_1_9,DIJKSTRA,,6.0,,0.0006185624952195212,1000,4
COMM,120,0.14,uniform_1_9,BI_DIJKSTRA,,12.0,,0.00012327099830145016,1000,1
COMM,120,0.14,uniform_1_9,ALT,,12.0,,0.00027379200037103146,1000,2
COMM,120,0.14,uniform_1_9,A*,,12.0,,0.0004830209982173983,1000,3
COMM,120,0.14,uniform_1_9,DIJKSTRA,,12.0,,0.0005294170005072374,1000,4
COMM,240,0.06,uniform_1_9,BI_DIJKSTRA,,3.0,,0.0002176454981963616,1000,1
COMM,240,0.06,uniform_1_9,ALT,,3.0,,0.0007792290016368497,1000,2
COMM,240,0.06,uniform_1_9,A*,,3.0,,0.0012115620047552511,1000,3
COMM,240,0.06,uniform_1_9,DIJKSTRA,,3.0,,0.0014399790015886538,1000,4
COMM,240,0.06,uniform_1_9,BI_DIJKSTRA,,6.0,,0.00017012500029522926,1000,1
COMM,240,0.06,uniform_1_9,ALT,,6.0,,0.0005336249996616971,1000,2
COMM,240,0.06,uniform_1_9,A*,,6.0,,0.0010170415043830872,1000,3
COMM,240,0.06,uniform_1_9,DIJKSTRA,,6.0,,0.001098687502235407,1000,4
COMM,240,0.06,uniform_1_9,BI_DIJKSTRA,,12.0,,0.00017689599553705193,1000,1
COMM,240,0.06,uniform_1_9,ALT,,12.0,,0.0004787909965671133,1000,2
COMM,240,0.06,uniform_1_9,A*,,12.0,,0.0009421249997103587,1000,3
COMM,240,0.06,uniform_1_9,DIJKSTRA,,12.0,,0.0009761455003172159,1000,4
COMM,240,0.1,uniform_1_9,BI_DIJKSTRA,,3.0,,0.0003036044981854502,1000,1
COMM,240,0.1,uniform_1_9,ALT,,3.0,,0.001054103999194922,1000,2
COMM,240,0.1,uniform_1_9,A*,,3.0,,0.0015766665019327775,1000,3
COMM,240,0.1,uniform_1_9,DIJKSTRA,,3.0,,0.002196937501139473,1000,4
COMM,240,0.1,uniform_1_9,BI_DIJKSTRA,,6.0,,0.000257937495916849,1000,1
COMM,240,0.1,uniform_1_9,ALT,,6.0,,0.0008660420025989879,1000,2
COMM,240,0.1,uniform_1_9,A*,,6.0,,0.0013607085020339582,1000,3
COMM,240,0.1,uniform_1_9,DIJKSTRA,,6.0,,0.0017122914978244808,1000,4
COMM,240,0.1,uniform_1_9,BI_DIJKSTRA,,12.0,,0.0002406249986961484,1000,1
COMM,240,0.1,uniform_1_9,ALT,,12.0,,0.0006306465038505848,1000,2
COMM,240,0.1,uniform_1_9,A*,,12.0,,0.0011984789962298237,1000,3
COMM,240,0.1,uniform_1_9,DIJKSTRA,,12.0,,0.0014241249991755467,1000,4
COMM,240,0.14,uniform_1_9,BI_DIJKSTRA,,3.0,,0.0003558335010893643,1000,1
COMM,240,0.14,uniform_1_9,ALT,,3.0,,0.0014133955010038335,1000,2
COMM,240,0.14,uniform_1_9,A*,,3.0,,0.001759145496180281,1000,3
COMM,240,0.14,uniform_1_9,DIJKSTRA,,3.0,,0.002965687497635372,1000,4
COMM,240,0.14,uniform_1_9,BI_DIJKSTRA,,6.0,,0.00032570850089541636,1000,1
COMM,240,0.14,uniform_1_9,ALT,,6.0,,0.0010647290000633802,1000,2
COMM,240,0.14,uniform_1_9,A*,,6.0,,0.0016501250029250514,1000,3
COMM,240,0.14,uniform_1_9,DIJKSTRA,,6.0,,0.002338979498745175,1000,4
COMM,240,0.14,uniform_1_9,BI_DIJKSTRA,,12.0,,0.0003151874952891376,1000,1
COMM,240,0.14,uniform_1_9,ALT,,12.0,,0.0008900835018721409,1000,2
COMM,240,0.14,uniform_1_9,A*,,12.0,,0.0015111875000002328,1000,3
COMM,240,0.14,uniform_1_9,DIJKSTRA,,12.0,,0.00198156199985533,1000,4
